names,lat,lon,geometry
Purva Skydale ,12.894033,77.6623617,POINT (77.66236169999999 12.894033)
Salarpuria Sattva Cadenza ,12.889441,77.6402211,POINT (77.64022109999999 12.889441)
Shriram Summitt ,12.8360678,77.6672418,POINT (77.6672418 12.8360678)
Shriram Luxor ,13.085249,77.6549154,POINT (77.65491539999999 13.085249)
Ecolife Elements Of Nature ,12.9387277,77.7311262,POINT (77.73112619999999 12.9387277)
Salarpuria Sattva East Crest ,13.043223,77.7482414,POINT (77.7482414 13.043223)
Shriram Greenfield Phase 1 ,13.0708496,77.7512724,POINT (77.75127239999999 13.0708496)
Century Infiniti ,12.8975268,77.6772502,POINT (77.6772502 12.8975268)
Vaswani Exquisite ,12.98979,77.7242795,POINT (77.72427949999999 12.98979)
Vaishnavi Gardenia ,13.0425402,77.5194121,POINT (77.5194121 13.0425402)
Bren Edgewaters ,12.9022215,77.6699666,POINT (77.6699666 12.9022215)
DSMAX SAROVAR ,12.7815368,77.7818487,POINT (77.7818487 12.7815368)
Niranjan Tridha ,12.8810058,77.6361614,POINT (77.63616139999999 12.8810058)
Bren Imperia ,12.9068814,77.671808,POINT (77.671808 12.9068814)
Nandi Citadel ,12.8613592,77.6068838,POINT (77.60688379999999 12.8613592)
Sobha Avenue ,13.0287887,77.7496788,POINT (77.74967880000001 13.0287887)
Provident Sunworth ,12.8818045,77.4705858,POINT (77.47058579999999 12.8818045)
Purva Northern Waves ,13.0630984,77.6629563,POINT (77.66295629999999 13.0630984)
Prestige Falcon City ,12.885663,77.563775,POINT (77.56377499999999 12.885663)
Mahaveer Ranches ,12.8783657,77.6708668,POINT (77.6708668 12.8783657)
SNN Raj Etternia ,12.8905902,77.6681103,POINT (77.6681103 12.8905902)
Karsten Palm Groves ,12.7741873,77.6961678,POINT (77.6961678 12.7741873)
Salarpuria Sattva Celesta ,13.018456,77.703632,POINT (77.703632 13.018456)
DSMAX SKYCITY ,13.0810365,77.6343988,POINT (77.6343988 13.0810365)
Meda Greens ,12.9206595,77.4926622,POINT (77.4926622 12.9206595)
Phoenix One  West ,13.0097168,77.5540958,POINT (77.5540958 13.0097168)
Salarpuria Sattva Greenage Phase II ,12.9024372,77.6313115,POINT (77.6313115 12.9024372)
Mahidhara Fortune City ,12.7748955,77.7830251,POINT (77.7830251 12.7748955)
Candeur Carlisle ,12.9969877,77.6899549,POINT (77.68995489999999 12.9969877)
Arya Hamsa Grande ,12.8595081,77.574026,POINT (77.574026 12.8595081)
Pashmina Waterfront ,13.0244407,77.7116346,POINT (77.7116346 13.0244407)
Purva Palm Beach ,13.0631903,77.6626025,POINT (77.66260249999999 13.0631903)
Prestige Song Of The South ,12.8620814,77.6137471,POINT (77.6137471 12.8620814)
Skylark Ithaca ,13.0124263,77.7355337,POINT (77.73553369999999 13.0124263)
Salarpuria Sattva Laurel Heights ,13.060724,77.507677,POINT (77.507677 13.060724)
Sumo Sonnet ,12.889868,77.6488791,POINT (77.6488791 12.889868)
Kritan Ira ,12.8211271,77.660999,POINT (77.660999 12.8211271)
MDVR Byrathi Residency ,13.0536883,77.6572283,POINT (77.6572283 13.0536883)
Candeur Landmark ,12.9218714,77.7373607,POINT (77.7373607 12.9218714)
Sterling Ascentia ,12.92889,77.681633,POINT (77.68163299999999 12.92889)
Vaishnavi Terraces ,12.904254,77.599514,POINT (77.599514 12.904254)
Sobha Dream Acres ,12.9391021,77.7376639,POINT (77.7376639 12.9391021)
PSR Krish Kamal ,12.8404406,77.6435767,POINT (77.6435767 12.8404406)
GP North Avenue ,13.0827637,77.622828,POINT (77.622828 13.0827637)
Hiren High Cliff ,12.9124433,77.6517185,POINT (77.6517185 12.9124433)
JR Nexus ,12.7715636,77.7018348,POINT (77.7018348 12.7715636)
G Corp The Icon ,13.0473654,77.6254839,POINT (77.62548389999999 13.0473654)
Mahendra Aarna ,12.8348265,77.6910718,POINT (77.6910718 12.8348265)
Mittal Elanza ,13.1036043,77.6208274,POINT (77.6208274 13.1036043)
Mantri Energia ,13.0543825,77.6194839,POINT (77.61948389999999 13.0543825)
Prestige Misty Waters phase 1 ,13.046145,77.601622,POINT (77.60162199999999 13.046145)
Sobha Heritage ,12.9312565,77.5290121,POINT (77.5290121 12.9312565)
The County Address ,12.8807869,77.7875912,POINT (77.78759119999999 12.8807869)
Rohan Akriti ,12.8904448,77.538187,POINT (77.53818699999999 12.8904448)
Salarpuria Sattva Divinity ,12.9403192,77.5252055,POINT (77.5252055 12.9403192)
Casagrand Lorenza ,13.099928,77.6331637,POINT (77.6331637 13.099928)
Premier Inspira Maplewood ,12.9054239,77.6993194,POINT (77.69931939999999 12.9054239)
Orchid Whitefield ,12.9643023,77.7575018,POINT (77.7575018 12.9643023)
The Central Regency Address ,12.9210342,77.6706402,POINT (77.67064019999999 12.9210342)
Ahad Excellencia ,12.8825179,77.6905147,POINT (77.69051469999999 12.8825179)
Janaadhar Shubha Phase II ,12.7379428,77.7343688,POINT (77.7343688 12.7379428)
Keerthi Royal Palms ,12.8622252,77.6605814,POINT (77.6605814 12.8622252)
Prestige Pine Wood ,12.9312272,77.6345867,POINT (77.63458670000001 12.9312272)
Durga Petals ,12.9757699,77.6972803,POINT (77.6972803 12.9757699)
Assetz Marq ,13.0244172,77.7619875,POINT (77.76198749999999 13.0244172)
Mana Tropicale ,12.8800875,77.6928716,POINT (77.69287159999999 12.8800875)
DSR Waterscape ,13.0452085,77.6794603,POINT (77.6794603 13.0452085)
Tata New Haven ,13.1023847,77.441715,POINT (77.441715 13.1023847)
Total Environment Learning To Fly ,12.9054503,77.5830406,POINT (77.58304059999999 12.9054503)
Hiranandani Queensgate ,12.8740261,77.6100293,POINT (77.61002929999999 12.8740261)
Arge Urban Bloom ,13.0259697,77.5329519,POINT (77.5329519 13.0259697)
Prestige Bagamane Temple Bells ,12.9307632,77.5217595,POINT (77.5217595 12.9307632)
Brigade Exotica - Azure Tower ,13.0443079,77.7450129,POINT (77.74501289999999 13.0443079)
Celebrity Serenity ,12.795757,77.650302,POINT (77.650302 12.795757)
Prestige Tranquility ,13.0655118,77.743832,POINT (77.743832 13.0655118)
Smart Homz Blue Bells ,12.7851117,77.7770002,POINT (77.7770002 12.7851117)
Brigade Caladium ,13.0559515,77.596732,POINT (77.596732 13.0559515)
S2 Homes The Water Grove ,12.8368015,77.6871048,POINT (77.6871048 12.8368015)
Assetz 63 Degree East ,12.8853283,77.7047401,POINT (77.7047401 12.8853283)
CoEvolve Northern Star ,13.081174,77.625001,POINT (77.625001 13.081174)
Purva Sunflower ,12.9758193,77.5570922,POINT (77.5570922 12.9758193)
Upkar Oakland ,12.7813035,77.7622283,POINT (77.7622283 12.7813035)
Sashank Advaith ,12.8917332,77.6816863,POINT (77.6816863 12.8917332)
SMD Altezz ,12.99911,77.7526073,POINT (77.75260729999999 12.99911)
Chowriappa Constellation ,13.0547139,77.6465134,POINT (77.6465134 13.0547139)
The Phoenix Mills Kessaku ,13.0107038,77.5536372,POINT (77.5536372 13.0107038)
Orchid Greens ,13.0879221,77.6554441,POINT (77.6554441 13.0879221)
Embassy Boulevard ,13.1479839,77.6389992,POINT (77.6389992 13.1479839)
Century Breeze ,13.0958355,77.6011008,POINT (77.6011008 13.0958355)
Prestige Royale Gardens ,13.1395085,77.5706395,POINT (77.57063950000001 13.1395085)
Brigade Panorama ,12.8870631,77.4537078,POINT (77.45370779999999 12.8870631)
SJR Palazza City ,12.9046539,77.6984995,POINT (77.6984995 12.9046539)
Garuda Vista ,12.9852446,77.6867056,POINT (77.6867056 12.9852446)
Sri Nandana Royal ,12.8337182,77.7014436,POINT (77.70144359999999 12.8337182)
Vaishnavi North 24 ,13.052728,77.597305,POINT (77.59730499999999 13.052728)
Prestige West Woods ,12.9776982,77.5647402,POINT (77.5647402 12.9776982)
Bren Champions Square ,12.901324,77.7085945,POINT (77.70859449999999 12.901324)
Beverly Hills ,12.8912793,77.5392322,POINT (77.5392322 12.8912793)
Arge Helios ,13.0654977,77.6515365,POINT (77.65153649999999 13.0654977)
SOBHA Arena - The Park ,12.8642033,77.53674,POINT (77.53673999999999 12.8642033)
GK Tropical Springs ,12.9846992,77.7761359,POINT (77.7761359 12.9846992)
Gravity Nakshatra ,13.073371,77.8041139,POINT (77.80411389999999 13.073371)
Brigade Cosmopolis - Phase 1 & 2 ,12.9621546,77.7461421,POINT (77.7461421 12.9621546)
Gopalan Olympia ,12.8753163,77.4501207,POINT (77.4501207 12.8753163)
Legacy Cirocco ,13.087229,77.596148,POINT (77.596148 13.087229)
Vajram Tiara ,13.1377116,77.5693818,POINT (77.5693818 13.1377116)
Century Ethos ,13.0616882,77.5950079,POINT (77.5950079 13.0616882)
Frontier Heights ,12.9055155,77.6756456,POINT (77.6756456 12.9055155)
Whitestone Rosario ,13.013394,77.735935,POINT (77.735935 13.013394)
Casagrand Royce ,13.0095427,77.7301136,POINT (77.7301136 13.0095427)
Sowparnika Purple Rose ,13.0996181,77.8114343,POINT (77.81143430000002 13.0996181)
Casagrand Esmeralda ,12.8356242,77.7668846,POINT (77.7668846 12.8356242)
Mahaveer Zephyr ,12.900891,77.6193205,POINT (77.6193205 12.900891)
Valmark Orchard Square ,12.870642,77.5860474,POINT (77.5860474 12.870642)
Purva Highland ,12.8539676,77.5446017,POINT (77.54460170000002 12.8539676)
Vasathi Avante ,13.0606229,77.6222783,POINT (77.62227829999999 13.0606229)
Brigade Lakefront - Amber Block ,12.9789932,77.7113528,POINT (77.7113528 12.9789932)
Vajram Elina ,13.0781,77.6373728,POINT (77.63737279999999 13.0781)
Gopalan Lake Front ,12.8377608,77.6764512,POINT (77.6764512 12.8377608)
Shriram Southern Crest ,12.9058075,77.5723024,POINT (77.5723024 12.9058075)
Bavisha Urban Homes ,12.8594994,77.765354,POINT (77.765354 12.8594994)
Mantri Serenity ,12.8869436,77.5513736,POINT (77.55137359999999 12.8869436)
Salarpuria Sattva Misty Charm ,12.8638771,77.5432976,POINT (77.5432976 12.8638771)
Hara Vijaya Heights ,12.8634786,77.526696,POINT (77.526696 12.8634786)
ELV KingsLand ,12.9694606,77.7414335,POINT (77.7414335 12.9694606)
MBR Shangri La ,12.9218502,77.4926026,POINT (77.4926026 12.9218502)
Keya Homes The Green Terraces ,12.8220091,77.6563314,POINT (77.6563314 12.8220091)
SNN Clermont ,13.0412129,77.6093979,POINT (77.60939789999999 13.0412129)
Mahaveer Turquoise ,12.8672756,77.6441932,POINT (77.64419319999999 12.8672756)
TATA The Promont ,12.9208104,77.5367614,POINT (77.5367614 12.9208104)
NVT Life Square ,12.9754639,77.7639204,POINT (77.7639204 12.9754639)
Ozone WF48 ,12.9954655,77.6948322,POINT (77.69483219999999 12.9954655)
Sobha Royal Pavilion ,12.8962858,77.702125,POINT (77.702125 12.8962858)
Saiven Siesta ,12.8888172,77.7683326,POINT (77.76833259999999 12.8888172)
Salarpuria Sattva Northland ,13.082285,77.654127,POINT (77.654127 13.082285)
Legacy Eldora ,13.102545,77.623708,POINT (77.62370799999999 13.102545)
Pride Enchanta Phase II ,12.9478889,77.5353712,POINT (77.5353712 12.9478889)
Vriksha by Provident ,12.9960104,77.4848412,POINT (77.48484119999999 12.9960104)
Mahaveer Cygnet ,13.1024979,77.617163,POINT (77.61716299999999 13.1024979)
Mahaveer Palatium ,12.7579595,77.6143312,POINT (77.6143312 12.7579595)
Sashank Aavaas ,13.1041866,77.5473949,POINT (77.5473949 13.1041866)
Brigade Woods ,12.9783211,77.7338514,POINT (77.73385139999999 12.9783211)
Vaishnavi Oasis ,12.8735596,77.5638325,POINT (77.56383249999999 12.8735596)
Bren Woods ,12.8617047,77.6832261,POINT (77.6832261 12.8617047)
KVG Grandeur ,13.0274574,77.6900306,POINT (77.6900306 13.0274574)
Godrej Air ,12.9886656,77.7118501,POINT (77.71185009999999 12.9886656)
Bhartiya City Nikoo Homes II ,13.085357,77.644525,POINT (77.644525 13.085357)
NCN Swasthi ,13.0187542,77.6305949,POINT (77.63059489999999 13.0187542)
L&T Raintree Boulevard ,13.0690275,77.5907992,POINT (77.59079919999999 13.0690275)
Aparna Elina ,13.0200021,77.5518105,POINT (77.5518105 13.0200021)
Eden and Serene at Brigade Cornerstone Utopia ,12.9344677,77.7439053,POINT (77.74390529999999 12.9344677)
DNR Casablanca ,12.9941357,77.6892331,POINT (77.6892331 12.9941357)
Suvastu Oak Leaf ,12.8810346,77.7602039,POINT (77.76020389999999 12.8810346)
Mahaveer Horizon ,13.00245,77.708823,POINT (77.708823 13.00245)
DSMAX SKYCLASSIC ,12.8178837,77.6708954,POINT (77.67089539999999 12.8178837)
Godrej Reserve ,13.2417155,77.7137306,POINT (77.71373059999999 13.2417155)
GR Elysium 3 ,13.0000972,77.7514952,POINT (77.75149519999999 13.0000972)
DSMAX SKYSCAPE ,13.0550595,77.6830226,POINT (77.6830226 13.0550595)
Shri Sai Mounika Park Vesta ,13.0415694,77.6487652,POINT (77.6487652 13.0415694)
Mahindra Lifespace Windchimes Phase II ,12.88624,77.597681,POINT (77.59768099999999 12.88624)
Goyal Orchid Woods ,13.0663138,77.6507041,POINT (77.6507041 13.0663138)
Sai Charan Hill View ,12.8904203,77.5148337,POINT (77.5148337 12.8904203)
Prestige Kew Gardens ,12.9481617,77.6809412,POINT (77.68094119999999 12.9481617)
Deccan Habitat ,13.029479,77.545092,POINT (77.545092 13.029479)
Klassik Landmark Phase 2 ,12.8956917,77.6775754,POINT (77.67757539999999 12.8956917)
Sobha Morzaria Grandeur ,12.9339158,77.6019266,POINT (77.6019266 12.9339158)
Poorvi Shreenivasa Grand ,12.885729,77.537075,POINT (77.537075 12.885729)
DSMAX SAVERA ,12.9060634,77.5403467,POINT (77.5403467 12.9060634)
NVT Mystic Garden ,12.7924016,77.7792542,POINT (77.7792542 12.7924016)
GRC Subhiksha ,12.8848843,77.6819939,POINT (77.68199389999999 12.8848843)
Rohan Iksha ,12.9266782,77.6990608,POINT (77.6990608 12.9266782)
DNR Reflection ,12.9240559,77.668665,POINT (77.66866499999999 12.9240559)
Vaishnavi Serene ,13.1241534,77.5672242,POINT (77.5672242 13.1241534)
Uber Verdant ,12.906937,77.699942,POINT (77.69994199999999 12.906937)
Aashrayaa Eternia ,12.8842757,77.6279557,POINT (77.62795570000002 12.8842757)
Tirumala Heights ,12.878639,77.672014,POINT (77.67201399999999 12.878639)
Total Environment Pursuit of A Radical Rhapsody ,12.99143,77.7205139,POINT (77.7205139 12.99143)
New Dawn ,12.8640688,77.6979503,POINT (77.6979503 12.8640688)
SJR Blue Waters ,12.8847986,77.6675021,POINT (77.66750209999999 12.8847986)
Salarpuria Sattva Opus ,13.0445527,77.5088305,POINT (77.5088305 13.0445527)
Embassy Lake Terraces ,13.0499669,77.5933108,POINT (77.5933108 13.0499669)
Yuva Eka ,12.8759951,77.6421833,POINT (77.6421833 12.8759951)
Grand Gandharva ,12.9320964,77.5102245,POINT (77.51022449999999 12.9320964)
LGCL New Life Villas ,12.884808,77.685152,POINT (77.685152 12.884808)
Reliaable Residenza ,12.8656562,77.690064,POINT (77.69006399999999 12.8656562)
NBR Trifecta ,12.8381526,77.8432415,POINT (77.8432415 12.8381526)
Cynosure White Spaces ,12.9899643,77.7818536,POINT (77.78185359999999 12.9899643)
Vaswani Walnut Creek ,12.8935672,77.6938473,POINT (77.6938473 12.8935672)
Reliaable Dollar Colony ,12.8681733,77.6951194,POINT (77.6951194 12.8681733)
The Lake View Address ,12.833466,77.669921,POINT (77.669921 12.833466)
Provident Rays Of Dawn ,12.8816933,77.4716101,POINT (77.47161009999999 12.8816933)
Godrej Eternity Life Plus ,12.8561767,77.5418038,POINT (77.5418038 12.8561767)
GAG Classic Amrutha ,12.8750421,77.5439551,POINT (77.54395509999999 12.8750421)
Peninsula Heights ,12.915558,77.592652,POINT (77.592652 12.915558)
The Address Makers Serenity ,12.92781,77.632888,POINT (77.63288799999999 12.92781)
GR Regent Park ,12.8551283,77.5936002,POINT (77.5936002 12.8551283)
Purva 270 ,12.9863396,77.6670031,POINT (77.6670031 12.9863396)
Concorde Spring Meadows ,13.064828,77.5051758,POINT (77.5051758 13.064828)
Emmanuel Heights ,12.8921796,77.6738289,POINT (77.67382889999999 12.8921796)
Salarpuria Sattva Greenage ,12.9024372,77.6313115,POINT (77.6313115 12.9024372)
Brigade Panorama Phase II ,12.8870631,77.4537078,POINT (77.45370779999999 12.8870631)
Total Environment In That Quiet Earth ,13.0527303,77.677491,POINT (77.677491 13.0527303)
DSR White Waters Phase II ,12.9174004,77.7168506,POINT (77.7168506 12.9174004)
Salarpuria Sattva Senorita ,12.9105194,77.6825606,POINT (77.6825606 12.9105194)
Prestige Lake Ridge ,12.8968323,77.5411672,POINT (77.54116719999999 12.8968323)
Brigade 7 Gardens ,12.895314,77.5302144,POINT (77.53021439999999 12.895314)
Godrej United ,12.9943081,77.7044977,POINT (77.70449769999999 12.9943081)
MJR Clique Hydra ,12.8294758,77.6661048,POINT (77.6661048 12.8294758)
Legacy Vivienda ,13.1857708,77.6603103,POINT (77.66031029999999 13.1857708)
Total Environment After The Rain ,13.1573953,77.6016927,POINT (77.6016927 13.1573953)
VBC Oracle Heaven ,13.0730645,77.6437319,POINT (77.64373189999999 13.0730645)
Assetz Soul & Soil ,12.930827,77.538199,POINT (77.53819899999999 12.930827)
Bhartiya City Nikoo Homes ,13.085357,77.644525,POINT (77.644525 13.085357)
Purva The Sound Of Water ,12.8505636,77.6019434,POINT (77.6019434 12.8505636)
Sky Court ,12.9418086,77.7023823,POINT (77.7023823 12.9418086)
Brigade Exotica - Burgundy Tower ,13.0443079,77.7450129,POINT (77.74501289999999 13.0443079)
Vajram Esteva ,12.9306574,77.6864719,POINT (77.6864719 12.9306574)
Brigade Orchards Luxury Apartments ,13.230003,77.7236208,POINT (77.72362079999999 13.230003)
Aratt Milano ,12.8677967,77.6978713,POINT (77.6978713 12.8677967)
Skanda Avani C99 ,12.90952,77.724401,POINT (77.724401 12.90952)
Brigade Altamont ,13.0609295,77.6417051,POINT (77.6417051 13.0609295)
Mana Foliage ,12.834063,77.7426949,POINT (77.74269489999999 12.834063)
Brigade Meadows ,12.8141256,77.5081942,POINT (77.50819419999999 12.8141256)
Sansidh Galaxy ,13.0658986,77.6239986,POINT (77.62399860000001 13.0658986)
Myhna Maple ,12.934066,77.741577,POINT (77.74157699999999 12.934066)
DSMAX STARRY ,12.8288136,77.6511943,POINT (77.6511943 12.8288136)
Brigade Bricklane ,13.1003515,77.6320051,POINT (77.6320051 13.1003515)
Orbis BVS Avenues ,12.9582656,77.7466265,POINT (77.74662649999999 12.9582656)
Arvind Skylands ,13.0892362,77.6014,POINT (77.6014 13.0892362)
Prestige Jindal City ,13.0542876,77.4840424,POINT (77.48404239999999 13.0542876)
Aratt Premier ,12.9813098,77.7095717,POINT (77.7095717 12.9813098)
Global Golden Pearl ,12.787143,77.777111,POINT (77.77711099999999 12.787143)
Gopalan Sanskriti ,12.9128816,77.4958233,POINT (77.4958233 12.9128816)
Kolte Patil I TOWERS Exente ,12.849516,77.669984,POINT (77.669984 12.849516)
Venkat Windsor East ,13.0375925,77.7082434,POINT (77.7082434 13.0375925)
Provident Park Square Phase II ,12.8636392,77.5406447,POINT (77.5406447 12.8636392)
Svamitva Sylvia CIty ,13.0530435,77.7619136,POINT (77.7619136 13.0530435)
Sobha Silicon Oasis ,12.867993,77.6612248,POINT (77.6612248 12.867993)
Disha Courtyard ,12.974269,77.7568397,POINT (77.7568397 12.974269)
Krish Eirianwen ,13.0183013,77.7252647,POINT (77.7252647 13.0183013)
Mahaveer Celesse ,13.1500949,77.6179438,POINT (77.61794379999999 13.1500949)
Zonasha Paradiso ,12.9754771,77.7038489,POINT (77.7038489 12.9754771)
DSMAX SKYLISHCIOUS ,12.834025,77.7865073,POINT (77.7865073 12.834025)
Saranya Soham ,12.9492971,77.7166496,POINT (77.7166496 12.9492971)
NYK Metro Urbano ,12.8919021,77.6376131,POINT (77.6376131 12.8919021)
Aratt Vivera ,12.8687962,77.6258232,POINT (77.6258232 12.8687962)
Sekhar Olympus ,13.0311397,77.6579922,POINT (77.6579922 13.0311397)
Ozone Urbana ,13.2032646,77.6635981,POINT (77.6635981 13.2032646)
GM Infinite E City Town Phase II ,12.8192308,77.66407,POINT (77.66407 12.8192308)
The Gran Carmen Address ,12.90064,77.711096,POINT (77.711096 12.90064)
Hiranandani Glen Classic ,13.0530787,77.5743451,POINT (77.5743451 13.0530787)
Advaitha Aksha ,12.9262427,77.6405757,POINT (77.6405757 12.9262427)
Legacy Salvador ,13.1201364,77.581033,POINT (77.58103299999999 13.1201364)
Salarpuria Sattva Anugraha ,12.9827531,77.5186374,POINT (77.5186374 12.9827531)
Concorde Napa Valley ,12.7861871,77.5123704,POINT (77.51237039999999 12.7861871)
Salarpuria Sattva Aspire ,13.083073,77.6543973,POINT (77.6543973 13.083073)
Brick N Land Garden and Skies ,12.9085662,77.6446577,POINT (77.6446577 12.9085662)
42 Queens Square ,12.8525569,77.7825326,POINT (77.7825326 12.8525569)
Assetz Earth & Essence ,13.1480106,77.6416023,POINT (77.64160230000002 13.1480106)
Mantri Webcity ,13.0735045,77.6511247,POINT (77.6511247 13.0735045)
Brigade Buena Vista Phase I ,13.0639183,77.7397329,POINT (77.73973289999999 13.0639183)
Shriram Greenfield Phase 2 ,13.0708496,77.7512724,POINT (77.75127239999999 13.0708496)
Rohan Upavan ,13.0559341,77.6611702,POINT (77.6611702 13.0559341)
SSB Urban Lotus ,12.8671125,77.6862204,POINT (77.6862204 12.8671125)
Pride Sunrise ,12.8754555,77.6032484,POINT (77.6032484 12.8754555)
SLV Pragathi Amber ,12.8363904,77.6977372,POINT (77.69773719999999 12.8363904)
SKS Garden ,12.9715987,77.5945627,POINT (77.5945627 12.9715987)
Bhartiya City ,13.0832763,77.6423729,POINT (77.6423729 13.0832763)
Assetz Marq Phase 2 ,13.0244172,77.7619875,POINT (77.76198749999999 13.0244172)
Surbacon Aspen ,13.0861508,77.6240355,POINT (77.62403549999999 13.0861508)
Artha Emprasa Startup City ,13.119653,77.802262,POINT (77.802262 13.119653)
M1 Terra Alegria ,13.1042593,77.7748724,POINT (77.77487239999999 13.1042593)
Banashree Arka Forest View ,12.7425352,77.6683509,POINT (77.66835089999999 12.7425352)
Godrej Aqua ,13.1461447,77.6376119,POINT (77.6376119 13.1461447)
SLV Central park ,13.0371494,77.7517183,POINT (77.75171829999999 13.0371494)
Sobha Palm Court ,13.1041146,77.6062964,POINT (77.60629639999999 13.1041146)
MJR Clique Hercules ,12.8297958,77.6660848,POINT (77.66608479999999 12.8297958)
Klassik Landmark ,12.8956917,77.6775754,POINT (77.67757539999999 12.8956917)
Subhams Antique City ,13.0468846,77.7523614,POINT (77.7523614 13.0468846)
Kritan Iris ,12.8361701,77.6966127,POINT (77.6966127 12.8361701)
Vaishno Solitaire ,13.011668,77.6712713,POINT (77.6712713 13.011668)
Purva Whitehall ,12.9170738,77.6722151,POINT (77.6722151 12.9170738)
Countryside Raindance ,12.832239,77.6595798,POINT (77.6595798 12.832239)
Meda Eternity ,13.0289204,77.7079727,POINT (77.7079727 13.0289204)
Shriram Blue ,13.0166354,77.7281167,POINT (77.7281167 13.0166354)
Aakruti Amity  ,12.8340825,77.6950016,POINT (77.6950016 12.8340825)
Adonis Plots ,13.2320575,77.7402329,POINT (77.7402329 13.2320575)
Hilife Greens ,12.9303537,77.7302936,POINT (77.7302936 12.9303537)
Prestige Deja Vu ,12.9957229,77.6079918,POINT (77.60799179999999 12.9957229)
Brigade Parkside East ,12.9026133,77.7018458,POINT (77.7018458 12.9026133)
Sobha City ,13.077151,77.6382007,POINT (77.6382007 13.077151)
SV Spring Woods ,12.8634456,77.532143,POINT (77.53214299999999 12.8634456)
Home Town The Address ,12.9382404,77.6871472,POINT (77.6871472 12.9382404)
HM Crescendo ,12.9886925,77.5941112,POINT (77.5941112 12.9886925)
Supertech Micasa ,13.097949,77.644494,POINT (77.64449399999999 13.097949)
Arvind Oasis ,13.046621,77.502508,POINT (77.50250799999999 13.046621)
Century Central ,12.8917718,77.565457,POINT (77.56545699999999 12.8917718)
Geown Oasis ,12.8826228,77.7831451,POINT (77.7831451 12.8826228)
Shriram Codename Break Free ,12.832357,77.7028035,POINT (77.7028035 12.832357)
Purnima Palmgrove ,12.963659,77.6146487,POINT (77.61464869999999 12.963659)
Peninsula Solitaire ,12.8657356,77.8052447,POINT (77.8052447 12.8657356)
Elite Sai Gardens ,13.280901,77.7262083,POINT (77.7262083 13.280901)
Bren Northern Lights ,13.094024,77.6091061,POINT (77.60910609999999 13.094024)
Eshwaree Orchids ,12.9715987,77.5945627,POINT (77.5945627 12.9715987)
Orchid Piccadilly ,13.0862364,77.6326754,POINT (77.6326754 13.0862364)
Confident Sagitta ,12.903687,77.7170089,POINT (77.7170089 12.903687)
VRR Golden Enclave ,12.8236447,77.6529909,POINT (77.65299089999999 12.8236447)
Saket Callipolis ,12.9095176,77.68542,POINT (77.68541999999999 12.9095176)
Aditya Palm Grove ,12.9665264,77.6139089,POINT (77.6139089 12.9665264)
Sobha City Santorini ,13.0760867,77.6364212,POINT (77.6364212 13.0760867)
Adarsh Citrine ,12.8954456,77.5884526,POINT (77.5884526 12.8954456)
Prestige Leela Residences ,12.9604699,77.6500106,POINT (77.6500106 12.9604699)
Sruthika Springfields ,13.0776893,77.5385716,POINT (77.5385716 13.0776893)
Assetz Here & Now ,12.9136256,77.6382753,POINT (77.6382753 12.9136256)
SNN Raj Grandeur ,12.9025603,77.6247599,POINT (77.6247599 12.9025603)
Mahaveer Jasper ,12.8827394,77.5861908,POINT (77.5861908 12.8827394)
Prestige Royal Garden 1 ,13.1395085,77.5706395,POINT (77.57063950000001 13.1395085)
Essem18 Poetree ,12.9066586,77.6795801,POINT (77.6795801 12.9066586)
SS Vrudhi ,12.8623542,77.5286683,POINT (77.52866829999999 12.8623542)
Subha 9 Sky Vue ,12.7595383,77.7026349,POINT (77.70263489999999 12.7595383)
Ajmera Lugaano ,13.1097661,77.5587431,POINT (77.5587431 13.1097661)
Umiya Woods Apartment ,12.9752279,77.7452412,POINT (77.7452412 12.9752279)
VSR Rejoice ,12.9715987,77.5945627,POINT (77.5945627 12.9715987)
V K Krishna Gardenia ,12.8780046,77.5485323,POINT (77.54853229999999 12.8780046)
Peram's Eco City ,13.130345,77.8254697,POINT (77.8254697 13.130345)
SJR Hamilton Homes ,12.8654578,77.6976643,POINT (77.6976643 12.8654578)
GM Infinite Daffodils ,13.0617529,77.507,POINT (77.50699999999999 13.0617529)
Prestige White Meadows ,12.9751074,77.7527258,POINT (77.75272579999999 12.9751074)
Celebrity Natures Habitat ,12.8161591,77.7928212,POINT (77.79282119999999 12.8161591)
Kolte Patil Mirabilis ,13.031804,77.661173,POINT (77.66117300000001 13.031804)
KNS Ojas ,12.947932,77.445078,POINT (77.445078 12.947932)
Provident Park Square Phase I ,12.8636392,77.5406447,POINT (77.5406447 12.8636392)
Keerthi Regalia ,12.9103529,77.6846989,POINT (77.6846989 12.9103529)
ND Magnolia Apartment ,12.9745516,77.7679833,POINT (77.76798330000001 12.9745516)
Brigade Atmosphere ,13.2661949,77.7388028,POINT (77.7388028 13.2661949)
Land Capital Primero ,12.905134,77.7048731,POINT (77.7048731 12.905134)
SSVR Iris ,12.9401171,77.7336308,POINT (77.7336308 12.9401171)
Camellia Pride ,12.9334857,77.7485129,POINT (77.74851289999999 12.9334857)
Trinco Nandanavana ,12.9147753,77.6041391,POINT (77.6041391 12.9147753)
North Gardens ,12.9715987,77.5945627,POINT (77.5945627 12.9715987)
Lotus Petals ,12.8572384,77.5989777,POINT (77.59897769999999 12.8572384)
Soni Tranquil ,12.9001488,77.5926141,POINT (77.59261409999999 12.9001488)
Taapasi Rosevista ,13.1251357,77.6450215,POINT (77.6450215 13.1251357)
SVR Green Woods ,12.9478872,77.7224729,POINT (77.7224729 12.9478872)
SD Aashrita ,43.9695148,-99.9018131,POINT (-99.9018131 43.9695148)
Sidvin Grace Apartment ,12.960705,77.4971036,POINT (77.4971036 12.960705)
Prestige Lakeside Habitat ,12.9299576,77.7401083,POINT (77.7401083 12.9299576)
Prestige Fontaine Bleau ,12.9757829,77.7417992,POINT (77.7417992 12.9757829)
Vasundra Krishnashreya ,12.9797094,77.4993114,POINT (77.49931140000001 12.9797094)
Assetz Leaves & Lives ,12.8864479,77.7051471,POINT (77.70514709999999 12.8864479)
Samruddhi Nandana ,13.0021832,77.7276819,POINT (77.72768189999999 13.0021832)
Green City Eutopia ,12.9097565,77.6099162,POINT (77.6099162 12.9097565)
RS Sanchike ,12.9232226,77.4780692,POINT (77.47806919999999 12.9232226)
Brigade Buena Vista Phase II ,13.0639183,77.7397329,POINT (77.73973289999999 13.0639183)
Dhruv Paradise ,12.9027777,77.6837666,POINT (77.6837666 12.9027777)
Ahad Euphoria ,12.8964286,77.7080676,POINT (77.70806759999999 12.8964286)
Pramuk MM Meridian ,12.93025,77.5751633,POINT (77.5751633 12.93025)
Saideep Hulas ,13.0416462,77.7436449,POINT (77.74364489999999 13.0416462)
Adarsh Tranqville ,13.0779618,77.6533609,POINT (77.6533609 13.0779618)
Adithya Tranquil ,13.1207272,77.6080072,POINT (77.60800720000002 13.1207272)
Prestige Summer Fields ,12.9231407,77.6967126,POINT (77.6967126 12.9231407)
Mahaveer Carnation ,12.9666845,77.599546,POINT (77.59954599999999 12.9666845)
Sanvi Sankalpam ,12.9697226,77.7713555,POINT (77.7713555 12.9697226)
MBR Suave ,13.0073616,77.7506585,POINT (77.7506585 13.0073616)
The Five Summit Address ,12.985145,77.726751,POINT (77.72675099999999 12.985145)
Brigade Lakefront Blue ,12.9789932,77.7113528,POINT (77.7113528 12.9789932)
Royale Township ,13.087926,77.4458392,POINT (77.44583919999999 13.087926)
Damden Vivo ,12.8001258,77.7830215,POINT (77.7830215 12.8001258)
Shri Balaji Ocean ,12.839761,77.7256322,POINT (77.72563219999999 12.839761)
RR Roshan Platinum ,12.8840635,77.6056889,POINT (77.60568889999999 12.8840635)
Sekhar Casa Bianca ,12.9387133,77.7162381,POINT (77.7162381 12.9387133)
Concorde Epitome ,12.8378157,77.6940515,POINT (77.6940515 12.8378157)
KR Grand View Heights ,13.0191483,77.672857,POINT (77.67285699999999 13.0191483)
Assetz East Point ,12.9212968,77.6945395,POINT (77.69453949999999 12.9212968)
Trillium Apartment ,12.867074,77.690808,POINT (77.69080799999999 12.867074)
Legacy Calista ,13.111337,77.5681996,POINT (77.5681996 13.111337)
Purva Zenium ,13.1460926,77.6389257,POINT (77.6389257 13.1460926)
JRC Palladio ,12.8275997,77.7729567,POINT (77.77295669999999 12.8275997)
Sowparnika Tharangini ,12.8831728,77.7877736,POINT (77.78777359999999 12.8831728)
Expart The Wisdom Tree ,13.0610879,77.6397579,POINT (77.63975789999999 13.0610879)
Legacy Saviero ,13.0239094,77.6618851,POINT (77.66188510000001 13.0239094)
Godrej Eternity ,12.8570477,77.5407321,POINT (77.5407321 12.8570477)
Sri Balaji Monarch ,12.9050736,77.704743,POINT (77.70474299999999 12.9050736)
Sumadhura Eden Garden ,13.0283684,77.7506927,POINT (77.75069270000002 13.0283684)
Asset Arcadia ,12.8249955,77.7556354,POINT (77.7556354 12.8249955)
Sanjana Supreme ,12.8821041,77.6198368,POINT (77.6198368 12.8821041)
Embassy Edge ,13.2459154,77.7145355,POINT (77.7145355 13.2459154)
Lennar Edifice ,12.9779258,77.7370902,POINT (77.7370902 12.9779258)
MV Vajra Value Plus ,12.879664,77.5523167,POINT (77.55231669999999 12.879664)
Sipani Bliss 1 ,12.7808199,77.7239959,POINT (77.72399589999999 12.7808199)
V Venture Essence ,12.8921457,77.5902232,POINT (77.5902232 12.8921457)
Sowparnika Indraprastha ,12.9865162,77.822102,POINT (77.822102 12.9865162)
Pavani Divine ,12.9831056,77.7181327,POINT (77.7181327 12.9831056)
Bluejay Atmosphere ,13.026091,77.481328,POINT (77.48132799999999 13.026091)
Vikas Hills View Meadows ,12.896422,77.5299197,POINT (77.52991969999999 12.896422)
Bhartiya City 2 ,13.0832763,77.6423729,POINT (77.6423729 13.0832763)
Total Environment The Magic Faraway Tree Phase II ,12.8596021,77.5298378,POINT (77.5298378 12.8596021)
SLV Diamond ,13.0375445,77.6358926,POINT (77.63589259999999 13.0375445)
TooGoodHomes by Provident ,13.0831589,77.6194189,POINT (77.6194189 13.0831589)
SLV Lakshmi Narayana Nilaya ,12.997227,77.621871,POINT (77.621871 12.997227)
Chariot Windsor Castel ,12.8595114,77.7685616,POINT (77.7685616 12.8595114)
Citrus Florence ,12.9715987,77.5945627,POINT (77.5945627 12.9715987)
Dhiraan Newyork Meadows ,12.7879805,77.7116203,POINT (77.71162030000001 12.7879805)
Inner Spaces Meadow In The Sun ,12.8982134,77.6726237,POINT (77.6726237 12.8982134)
ND Around The Mangoes ,12.9099636,77.6045095,POINT (77.60450949999999 12.9099636)
Amigo Estella ,13.0608351,77.6330036,POINT (77.6330036 13.0608351)
SLV Magnum ,12.9108838,77.6242128,POINT (77.62421280000001 12.9108838)
Navami Funique ,12.8695931,77.6546046,POINT (77.6546046 12.8695931)
Bluejay Nine Forum ,12.8645663,77.6401304,POINT (77.64013039999999 12.8645663)
Pionier Lifestyle ,12.8728757,77.6959513,POINT (77.69595129999999 12.8728757)
Purva Midtown Residences ,12.9996774,77.6663724,POINT (77.6663724 12.9996774)
Aratt Firenza ,12.8291828,77.6619456,POINT (77.6619456 12.8291828)
Grand Duke Villas ,12.7609104,77.6963918,POINT (77.6963918 12.7609104)
Sowmya Shailam ,12.9437506,77.5737599,POINT (77.57375990000001 12.9437506)
A Peace Paramount ,13.1141821,77.5666558,POINT (77.56665579999999 13.1141821)
Sobha Morzaria Grandeur Phase II ,12.9339158,77.6019266,POINT (77.6019266 12.9339158)
Patel Smondoville ,12.8219467,77.6577455,POINT (77.65774549999999 12.8219467)
Arsis Green Hills ,13.019059,77.707093,POINT (77.707093 13.019059)
Purva Westend ,12.89072,77.6383746,POINT (77.63837459999999 12.89072)
Maarq Alpha ,12.9144324,77.7021837,POINT (77.70218369999999 12.9144324)
Pashmina Lagoon Residences ,13.0754163,77.7242591,POINT (77.7242591 13.0754163)
Columbia Belleza ,12.8711086,77.5780753,POINT (77.57807529999999 12.8711086)
Bren Trillium ,12.8661314,77.6664154,POINT (77.66641539999999 12.8661314)
Nitesh Caesars Palace ,12.8776451,77.546492,POINT (77.546492 12.8776451)
Patel Smondo 2 ,12.8217185,77.6598477,POINT (77.6598477 12.8217185)
Godrej Woodsman Estate ,13.0544261,77.5960248,POINT (77.5960248 13.0544261)
Prestige Park Square ,12.8469172,77.5878452,POINT (77.58784519999999 12.8469172)
VRR Nest ,12.8639934,77.6629466,POINT (77.6629466 12.8639934)
Sizzle Gold Coast ,13.0161167,77.6599252,POINT (77.6599252 13.0161167)
Sobha HRC Pristine ,13.0679382,77.6059904,POINT (77.6059904 13.0679382)
Shoban Silver Domicile ,13.0626596,77.6278831,POINT (77.62788309999999 13.0626596)
VBHC Palmhaven Phase II ,12.8823501,77.4722966,POINT (77.47229659999999 12.8823501)
NCC Urban Green Province ,12.866571,77.7720839,POINT (77.7720839 12.866571)
Incor Carmel Heights ,12.9608801,77.7477855,POINT (77.74778549999999 12.9608801)
Hatha Coco Nest ,12.9452912,77.6788233,POINT (77.67882329999999 12.9452912)
The Magic Faraway Tree ,12.859542,77.5299544,POINT (77.52995439999999 12.859542)
Hiranandani Evita ,12.8760537,77.6121874,POINT (77.6121874 12.8760537)
Midtown Raaga ,13.0045009,77.7300865,POINT (77.7300865 13.0045009)
Ambika Arcade ,13.236074,77.7267615,POINT (77.72676149999999 13.236074)
Bren Paddington ,12.9184653,77.6758485,POINT (77.6758485 12.9184653)
Master Classic Residency ,13.0925662,77.5998497,POINT (77.59984969999999 13.0925662)
Avanti by Shriline ,12.7101547,77.7072491,POINT (77.7072491 12.7101547)
Purva Coronation Square ,12.8953453,77.5795323,POINT (77.5795323 12.8953453)
Krishna Greens North Pride ,13.270314,77.619116,POINT (77.61911599999999 13.270314)
Adarsh Palm Retreat Mayberry ,12.9164497,77.6942608,POINT (77.6942608 12.9164497)
Garuda Royal Homes ,13.0151889,77.7057087,POINT (77.7057087 13.0151889)
Provident WelWorth City ,13.2293032,77.5480973,POINT (77.54809729999999 13.2293032)
Adiga 100 trees ,12.9185092,77.5940323,POINT (77.59403229999999 12.9185092)
Nitesh Rio ,12.8631579,77.535788,POINT (77.535788 12.8631579)
Urban Eco Space ,12.8318138,77.798139,POINT (77.79813899999999 12.8318138)
Prestige Royal Garden 2 ,13.1395085,77.5706395,POINT (77.57063950000001 13.1395085)
Godrej Reflections ,12.9118913,77.668165,POINT (77.668165 12.9118913)
Prestige Kenilworth ,12.9902606,77.5961311,POINT (77.59613109999999 12.9902606)
Iconest 3 ,12.8011407,77.6796032,POINT (77.6796032 12.8011407)
Disha Central Park ,12.9376923,77.713246,POINT (77.713246 12.9376923)
Sumadhura Nandanam ,12.9905248,77.7139077,POINT (77.71390769999999 12.9905248)
Purva Seasons ,12.9878209,77.6668541,POINT (77.66685409999999 12.9878209)
Maarq Vista ,13.410396,77.7150976,POINT (77.71509759999999 13.410396)
Icon Sanctuary ,12.8554461,77.809677,POINT (77.80967699999999 12.8554461)
Adarsh Pinecourt ,13.0837992,77.6619215,POINT (77.66192149999999 13.0837992)
Ajmera Nucleus ,12.851016,77.6807465,POINT (77.6807465 12.851016)
Whitestone Florenso ,13.059249,77.762768,POINT (77.76276799999999 13.059249)
Unicon North Brooks 46 ,13.1042012,77.5561585,POINT (77.5561585 13.1042012)
KBR Elite ,13.048417,77.6061279,POINT (77.60612789999999 13.048417)
CMRS Mulberry Mist ,12.9450837,77.7524506,POINT (77.7524506 12.9450837)
Brigade Orchards Juniper ,13.2264186,77.723767,POINT (77.723767 13.2264186)
Ramky One North ,13.1361505,77.5706196,POINT (77.5706196 13.1361505)
Icon Laurels ,12.7998369,77.6793722,POINT (77.6793722 12.7998369)
Ambika Anjanadri Layout ,13.0027226,77.6612167,POINT (77.6612167 13.0027226)
Fortuna Acacia ,13.0698679,77.5869958,POINT (77.58699580000001 13.0698679)
G Corp Residences ,12.9303569,77.6365973,POINT (77.63659729999999 12.9303569)
Arya Hamsa ,12.8599997,77.5745195,POINT (77.57451949999999 12.8599997)
Northern Destiny ,13.1000006,77.6337199,POINT (77.63371990000002 13.1000006)
Bren Palms ,12.8911424,77.6447601,POINT (77.6447601 12.8911424)
Roma Epicurean ,12.9671,77.7347721,POINT (77.7347721 12.9671)
Manar Pureearth ,12.8667734,77.7872346,POINT (77.78723459999999 12.8667734)
Adarsh Premia ,12.920315,77.5616,POINT (77.5616 12.920315)
VRR Fortuna ,12.9048311,77.7029081,POINT (77.70290810000002 12.9048311)
Gina Shalom ,13.0184845,77.7079185,POINT (77.70791849999999 13.0184845)
Alembic Urban Forest ,12.9853338,77.7609677,POINT (77.76096770000001 12.9853338)
TG Epitome ,12.8671517,77.6898081,POINT (77.68980809999999 12.8671517)
Ambiience Aamby City ,13.1319198,77.8187924,POINT (77.81879239999999 13.1319198)
NVT Arcot Vaksana ,12.8536467,77.7840279,POINT (77.7840279 12.8536467)
Uniidus Breeze ,12.944991,77.711179,POINT (77.711179 12.944991)
Marvel Sequoia ,12.9853863,77.7591065,POINT (77.7591065 12.9853863)
Raja Aristos ,12.8639286,77.5981177,POINT (77.5981177 12.8639286)
Swathi Magnolia ,12.9715987,77.5945627,POINT (77.5945627 12.9715987)
LGCL Happy Days ,13.0764068,77.6659443,POINT (77.66594429999999 13.0764068)
Reliaable Dollar Colony Phase II ,12.8608338,77.6734677,POINT (77.6734677 12.8608338)
Skylark Dasos ,13.062335,77.665454,POINT (77.665454 13.062335)
Aswani Sunshine ,12.8350619,77.7735794,POINT (77.7735794 12.8350619)
Vaswani Menlo Park ,12.9492007,77.717493,POINT (77.717493 12.9492007)
SNN Raj GreenBay ,12.852932,77.678469,POINT (77.67846899999999 12.852932)
Zed Earth ,13.0054998,77.5782716,POINT (77.57827159999999 13.0054998)
Kolte Patil 24K Grazio ,12.9246763,77.6308584,POINT (77.63085839999999 12.9246763)
Godrej E-City ,12.8534247,77.6530258,POINT (77.65302580000001 12.8534247)
Embassy Pristine ,12.9280203,77.6609868,POINT (77.6609868 12.9280203)
The Presidential Tower ,13.0265663,77.5451712,POINT (77.5451712 13.0265663)
SBI New  ,12.8762164,77.6164271,POINT (77.6164271 12.8762164)
Niranjan Genesis ,12.8650822,77.6232727,POINT (77.6232727 12.8650822)
Mahaveer Sitara ,12.8937,77.5866427,POINT (77.5866427 12.8937)
Prestige Silver Sun ,12.9241916,77.6961269,POINT (77.6961269 12.9241916)
Indio Classic ,12.9715987,77.5945627,POINT (77.5945627 12.9715987)
Chethana Heritage ,12.9715987,77.5945627,POINT (77.5945627 12.9715987)
Motzkin Park Terrace ,12.8277163,77.7776498,POINT (77.77764979999999 12.8277163)
Skylark Royaume ,12.8661023,77.665878,POINT (77.66587799999999 12.8661023)
Brigade Northridge - Phase 1 ,13.1012353,77.630922,POINT (77.630922 13.1012353)
LGCL Stonescape ,13.0793738,77.6625359,POINT (77.66253589999999 13.0793738)
Pioneer Sun Blossom ,12.8348947,77.648506,POINT (77.648506 12.8348947)
Salarpuria Sattva Magnificia ,12.9962293,77.6689762,POINT (77.6689762 12.9962293)
Sai Purvi Symphony ,12.9194265,77.736761,POINT (77.736761 12.9194265)
S2 Homes Butterfly Gardens ,12.7671408,77.6316248,POINT (77.6316248 12.7671408)
HM Indigo ,12.8730577,77.5714702,POINT (77.57147019999999 12.8730577)
Radiant Lake View ,13.0320876,77.7210642,POINT (77.7210642 13.0320876)
Asset Aura ,12.921249,77.722038,POINT (77.72203800000001 12.921249)
Nambiar Bellezea ,12.8423459,77.727032,POINT (77.72703199999999 12.8423459)
Salarpuria Sattva Casa Irene ,12.8646922,77.5911405,POINT (77.59114049999999 12.8646922)
Fire Luxur The Empyrean Phase II ,12.9048299,77.8677685,POINT (77.8677685 12.9048299)
SNN Raj Serenity ,12.8589085,77.613768,POINT (77.61376799999999 12.8589085)
Atco Sapphire ,12.8606884,77.7767483,POINT (77.77674829999999 12.8606884)
Rsun Sushmitham ,12.9890574,77.7659146,POINT (77.7659146 12.9890574)
Peace Rhythm ,12.9500313,77.4978003,POINT (77.49780029999999 12.9500313)
Prestige Jade Pavillion ,12.9216881,77.6956648,POINT (77.6956648 12.9216881)
Oceanus Tranquil ,13.0372514,77.6894379,POINT (77.6894379 13.0372514)
Fortius Under The Sun ,13.2364997,77.6789061,POINT (77.67890609999999 13.2364997)
Pioneer KRS Park Royal ,12.9293554,77.4995552,POINT (77.4995552 12.9293554)
Prestige Shantiniketan ,12.989259,77.731264,POINT (77.731264 12.989259)
Habitat Crest ,12.9907059,77.7227793,POINT (77.7227793 12.9907059)
Ruchira Aarna Homes ,12.9647206,77.7552794,POINT (77.75527939999999 12.9647206)
Goyal Alanoville ,13.0887141,77.6594168,POINT (77.6594168 13.0887141)
Purva Skywood ,12.8944929,77.6607174,POINT (77.6607174 12.8944929)
Brigade Northridge Phase II ,13.1012353,77.630922,POINT (77.630922 13.1012353)
MN Guru Akshitha ,13.092666,77.63287,POINT (77.63287 13.092666)
Puravankara Elita Promenade ,12.8505636,77.6019434,POINT (77.6019434 12.8505636)
Brinda Imperial Phase I ,12.753406,77.649038,POINT (77.64903799999999 12.753406)
Blue Bell Homes ,12.9676128,77.7042125,POINT (77.70421250000001 12.9676128)
Pavani Sarovar Phase II ,12.9726354,77.7340972,POINT (77.73409719999999 12.9726354)
Chamundi Amber Woods ,12.8763746,77.5304509,POINT (77.53045089999999 12.8763746)
Ajmera Annex ,12.8420581,77.6463682,POINT (77.6463682 12.8420581)
Kumar Princetown Royale ,13.0606714,77.5200615,POINT (77.5200615 13.0606714)
Gopalan Atlantis ,12.9741618,77.7439856,POINT (77.7439856 12.9741618)
Spad Classic Nakshatra Nestilo ,12.9640102,77.7499354,POINT (77.7499354 12.9640102)
Opera Spring Leaf ,12.8983834,77.6183237,POINT (77.61832369999999 12.8983834)
The Advantage Raheja Pebble Bay ,12.9175193,77.6284075,POINT (77.62840749999999 12.9175193)
Evershine Greenwood ,12.8610024,77.7805416,POINT (77.78054159999999 12.8610024)
Adarsh Palm Meadows ,12.9574201,77.7405942,POINT (77.74059419999999 12.9574201)
Mantri Centrium ,13.0040638,77.5618485,POINT (77.56184850000001 13.0040638)
Nitesh Cape Cod ,12.9224054,77.6750123,POINT (77.67501229999999 12.9224054)
Arna Meadows ,12.8627811,77.6030904,POINT (77.6030904 12.8627811)
Jain Heights Grand West ,13.0171545,77.5504018,POINT (77.5504018 13.0171545)
Splendid Lake Dews ,12.8700365,77.6272663,POINT (77.6272663 12.8700365)
Aswani Aaeesha ,12.8608338,77.6734677,POINT (77.6734677 12.8608338)
New India Tanzanite ,13.1020363,77.6189762,POINT (77.61897620000001 13.1020363)
Esteem Emblem ,12.8382576,77.6846614,POINT (77.6846614 12.8382576)
Adisesh Prime ,13.08155,77.99827,POINT (77.99826999999999 13.08155)
Sai Sowbagya ,12.9081743,77.6835513,POINT (77.68355129999999 12.9081743)
Samhita Elite ,13.0351177,77.7042186,POINT (77.70421859999999 13.0351177)
Saroj Harmony ,12.9313675,77.7418874,POINT (77.7418874 12.9313675)
DSMAX STONESCAPE ,12.8518163,77.5573227,POINT (77.5573227 12.8518163)
Manifest Elite ,12.9715987,77.5945627,POINT (77.5945627 12.9715987)
Sobha Silicon Oasis Row Houses ,12.867993,77.6612248,POINT (77.6612248 12.867993)
Sumadhura Lake Breeze ,12.9566809,77.7248939,POINT (77.7248939 12.9566809)
Srimitra Lifestyle ,13.0305625,77.668072,POINT (77.668072 13.0305625)
Sobha Lake Gardens ,13.0191276,77.7241543,POINT (77.7241543 13.0191276)
Rand Pride Homes ,12.9780797,77.6929907,POINT (77.69299070000001 12.9780797)
JK Suchiraa Villas ,13.0694552,77.5173107,POINT (77.5173107 13.0694552)
Unishire Spacio ,12.8849319,77.6048938,POINT (77.6048938 12.8849319)
Sriven Rag Meridian ,12.8183059,77.6898768,POINT (77.68987679999999 12.8183059)
KMB La Palazzo ,12.9196722,77.6659963,POINT (77.6659963 12.9196722)
Sowparnika Flamenco ,12.8550179,77.7850851,POINT (77.7850851 12.8550179)
Ozone Urbana Avenue ,12.9757272,77.6158504,POINT (77.6158504 12.9757272)
Sipani Wattle Grove ,12.940446,77.623403,POINT (77.623403 12.940446)
Dhammanagi Kings Ville ,12.9960918,77.583631,POINT (77.583631 12.9960918)
Upkar Garden ,12.7786333,77.7245665,POINT (77.72456649999999 12.7786333)
Aryan Fountain Square ,12.7867076,77.774883,POINT (77.774883 12.7867076)
Millennia Lakeview ,12.8776976,77.6983835,POINT (77.69838349999999 12.8776976)
Karle Zenith Residences ,13.0472844,77.6161294,POINT (77.61612939999999 13.0472844)
Prestige Ferns Residency ,12.9029705,77.6622073,POINT (77.66220729999999 12.9029705)
Hiranandani Club Meadows ,12.875594,77.612397,POINT (77.612397 12.875594)
Upkar Habitat ,12.7445533,77.7824429,POINT (77.78244289999999 12.7445533)
Vaishnavi Nakshatra ,13.0254031,77.5491776,POINT (77.54917760000001 13.0254031)
VMAKS Heights ,12.8367538,77.6978783,POINT (77.6978783 12.8367538)
BSR Sunshine ,13.0463979,77.5984395,POINT (77.5984395 13.0463979)
Sobha Ruby ,13.0446521,77.5000402,POINT (77.5000402 13.0446521)
Sobha Valley View ,12.9312341,77.5290558,POINT (77.52905579999999 12.9312341)
Canary Woods ,12.9715987,77.5945627,POINT (77.5945627 12.9715987)
Hiranandani Glen Gate ,13.0530787,77.5743451,POINT (77.5743451 13.0530787)
Sobha Clovelly ,12.911386,77.5559079,POINT (77.55590789999999 12.911386)
Prestige Lakeside Habitat Villa ,12.9299576,77.7401083,POINT (77.7401083 12.9299576)
Dharma Elite ,13.0103618,77.6520469,POINT (77.65204690000002 13.0103618)
Jain Heights East Parade ,12.9735006,77.6823713,POINT (77.6823713 12.9735006)
Dharma Castle ,13.0106268,77.6532302,POINT (77.6532302 13.0106268)
Sobha Daisy ,12.9282006,77.6680634,POINT (77.66806339999999 12.9282006)
Provident Harmony ,13.080659,77.625441,POINT (77.625441 13.080659)
Hrvy Sai Sapphire ,12.8947372,77.5785716,POINT (77.57857159999999 12.8947372)
Shravanthi Oakridge ,12.8720988,77.5295509,POINT (77.52955089999999 12.8720988)
ARK Cloud City ,12.9842196,77.7634093,POINT (77.76340929999999 12.9842196)
Vishwapriya Vertical Garden ,12.9385302,77.5231804,POINT (77.5231804 12.9385302)
Shriram Godhuli ,13.4682719,77.8096926,POINT (77.80969259999999 13.4682719)
Opera Canopus ,12.8872949,77.6214482,POINT (77.6214482 12.8872949)
Aster Residential Layout ,12.916873,77.6358182,POINT (77.6358182 12.916873)
Sipani Jardin ,12.7780888,77.7296121,POINT (77.7296121 12.7780888)
Alpine Viva 2 ,13.0143196,77.7609495,POINT (77.7609495 13.0143196)
Sobha Indraprastha ,12.9811535,77.5634417,POINT (77.5634417 12.9811535)
Pyramid Carnations ,13.1351114,77.5622471,POINT (77.56224709999999 13.1351114)
L&T South City ,12.8877919,77.591002,POINT (77.591002 12.8877919)
Buildmann Aaroha Condominiums  ,13.038895,77.702585,POINT (77.70258500000001 13.038895)
LGCL Luxuriate ,12.9165932,77.6347147,POINT (77.6347147 12.9165932)
Sunil Orchid ,12.9715987,77.5945627,POINT (77.5945627 12.9715987)
Svamitva Emerald Square ,12.8146987,77.6701237,POINT (77.67012369999999 12.8146987)
RJ Brooke Square ,12.9649561,77.7203535,POINT (77.7203535 12.9649561)
Balaji Ashirvaad Elite ,12.8547931,77.5976667,POINT (77.59766669999999 12.8547931)
Ma Sarada Casa Estrella ,12.7964534,77.6864041,POINT (77.68640409999999 12.7964534)
Hiranandani Horizon ,19.1153798,72.9091436,POINT (72.90914359999999 19.1153798)
Corporate Suncity Gloria Block B ,12.9026286,77.7069429,POINT (77.7069429 12.9026286)
Prisha Orchids ,13.0833854,77.6375082,POINT (77.6375082 13.0833854)
SSVR Fairy Bells ,13.0713565,77.5851817,POINT (77.58518169999999 13.0713565)
United Meadows ,12.9658617,77.7224633,POINT (77.7224633 12.9658617)
Rajarajeshwari Vara ,12.981788,77.5998037,POINT (77.5998037 12.981788)
Purva Waves ,13.063187,77.6626997,POINT (77.66269969999999 13.063187)
Habitat Eden Heights ,12.9904266,77.7142049,POINT (77.7142049 12.9904266)
Habitat Iluminar ,12.9155329,77.4933195,POINT (77.4933195 12.9155329)
Pruthvi Royal ,12.8627337,77.5943649,POINT (77.5943649 12.8627337)
Godrej Gold County ,13.046768,77.4902439,POINT (77.4902439 13.046768)
Cattleya Sriven Nest ,12.9372072,77.7491799,POINT (77.7491799 12.9372072)
Brigade Millennium ,12.891805,77.5824553,POINT (77.58245529999999 12.891805)
TG Ascent ,12.8664422,77.6907409,POINT (77.69074089999999 12.8664422)
Mahaveer Promenade ,13.0077592,77.7399015,POINT (77.7399015 13.0077592)
K Raheja Jade Gardens ,13.204637,77.6506622,POINT (77.6506622 13.204637)
Aratt Cityscapes Apartment ,13.0611983,77.757579,POINT (77.75757899999999 13.0611983)
Radiant Elitaire ,12.8830931,77.5830352,POINT (77.5830352 12.8830931)
RNS Shrinikethan ,13.0321173,77.5388378,POINT (77.5388378 13.0321173)
Prestige Gulmohar ,13.0288528,77.6649757,POINT (77.6649757 13.0288528)
DNR Atmosphere ,12.958045,77.7390325,POINT (77.73903249999999 12.958045)
Shell North Gate ,13.0669963,77.6468544,POINT (77.6468544 13.0669963)
Disha Loharuka SOLARIS ,12.860781,77.5902906,POINT (77.5902906 12.860781)
ATZ Estrella ,12.9366872,77.7487363,POINT (77.74873629999999 12.9366872)
MJ Lifestyle Astro ,12.858655,77.6984882,POINT (77.6984882 12.858655)
Sowparnika Columns ,12.9930415,77.8059633,POINT (77.8059633 12.9930415)
Shriram Sameeksha ,13.0721162,77.5348332,POINT (77.53483319999999 13.0721162)
Sai Vrushabadri Towers ,12.9885109,77.7817547,POINT (77.78175469999999 12.9885109)
Shri Balaji Sarovar ,12.9769223,77.7333818,POINT (77.73338179999999 12.9769223)
Sobha Cedar ,12.8779199,77.5297639,POINT (77.52976389999999 12.8779199)
Prabhavathi Comforts ,12.8864112,77.6290643,POINT (77.6290643 12.8864112)
Platina Exotica ,12.9275441,77.4936815,POINT (77.49368149999999 12.9275441)
Valmark Cityville ,12.8626587,77.604309,POINT (77.604309 12.8626587)
DSR Sunrise Towers ,12.9821505,77.7602375,POINT (77.7602375 12.9821505)
Dhanapriya Paradise ,12.9715987,77.5945627,POINT (77.5945627 12.9715987)
SVS Trend Square Precioso ,13.0345488,77.6674155,POINT (77.66741549999999 13.0345488)
Sobha Dream Gardens ,13.0968857,77.647408,POINT (77.647408 13.0968857)
Sumukha Residency ,12.9607204,77.5943232,POINT (77.59432320000001 12.9607204)
Pioneer Kingstown ,12.8878665,77.6441936,POINT (77.64419359999999 12.8878665)
SMR Vinay Estella ,13.0840921,77.5413269,POINT (77.5413269 13.0840921)
Peninsula Prakruthi ,12.8732821,77.787371,POINT (77.78737099999999 12.8732821)
Prestige Park View ,12.9852588,77.7518918,POINT (77.75189180000001 12.9852588)
Altius Ardour ,12.8354267,77.7686139,POINT (77.76861389999999 12.8354267)
Mantri Tranquil ,12.8867375,77.5451932,POINT (77.5451932 12.8867375)
Concorde Tech Turf ,12.8318141,77.6551811,POINT (77.65518109999999 12.8318141)
SRK The Villagio ,13.0080164,77.7621594,POINT (77.7621594 13.0080164)
DS Max Splendid ,12.9718563,77.4790222,POINT (77.4790222 12.9718563)
Gravity Sundridge ,13.1777165,77.5593515,POINT (77.55935149999999 13.1777165)
Axis Vedam ,12.8803091,77.5839891,POINT (77.5839891 12.8803091)
Odions The Woods of East Phase 1 ,12.8913922,77.6937237,POINT (77.69372369999999 12.8913922)
IDEB Springfields ,12.9181948,77.6695175,POINT (77.6695175 12.9181948)
Ozone Polestar ,13.0385196,77.6181119,POINT (77.6181119 13.0385196)
Goyal Orchid Lakeview ,12.9315349,77.6786481,POINT (77.67864809999999 12.9315349)
Gempark Address ,12.8699879,77.8103632,POINT (77.8103632 12.8699879)
Sriven Luminous Amaltas ,12.8453334,77.6481115,POINT (77.6481115 12.8453334)
Pyramid Bilberry ,13.0873611,77.6247607,POINT (77.6247607 13.0873611)
Sobha Forest Edge ,12.8763618,77.5285878,POINT (77.5285878 12.8763618)
Aryan Golden Arena ,12.806845,77.7825336,POINT (77.78253359999999 12.806845)
Park Cubix ,13.2418908,77.720995,POINT (77.720995 13.2418908)
Brigade Golden Triangle ,13.0549285,77.762862,POINT (77.762862 13.0549285)
Concorde Luxepolis ,12.9567983,77.567828,POINT (77.56782799999999 12.9567983)
MBR Brickfield Shelters ,12.8124009,77.7342541,POINT (77.7342541 12.8124009)
Maysons Udbhava ,13.0877551,77.6038995,POINT (77.6038995 13.0877551)
Adarsh Palm Retreat ,12.9234947,77.6851069,POINT (77.68510689999999 12.9234947)
Aratt Cityscapes Villa ,13.0611983,77.757579,POINT (77.75757899999999 13.0611983)
Avani Gardens ,13.0860725,77.6064885,POINT (77.6064885 13.0860725)
Nakshatra Township ,12.7304474,77.7033552,POINT (77.70335519999999 12.7304474)
Mantri Espana ,12.9344706,77.6835063,POINT (77.68350629999999 12.9344706)
Upscale Golden Lotus ,12.9295788,77.7405079,POINT (77.7405079 12.9295788)
DS & Jacks Needs 3 Project 276 ,12.8707878,77.5963239,POINT (77.5963239 12.8707878)
Sumukha Emerald ,12.8758824,77.5812546,POINT (77.58125459999999 12.8758824)
Sipani Bliss 2 ,12.7808199,77.7239959,POINT (77.72399589999999 12.7808199)
Saf Snowdrops ,12.8921607,77.563372,POINT (77.563372 12.8921607)
ARS Bhavisha ,12.8596605,77.7656243,POINT (77.7656243 12.8596605)
LVS Gardenia Phase 1 ,13.0345318,77.7024472,POINT (77.70244719999999 13.0345318)
Krishnaja Northcity ,13.2389421,77.7059788,POINT (77.7059788 13.2389421)
Bluejay Malgudi ,12.8651727,77.5484676,POINT (77.5484676 12.8651727)
Shriram Chirping Woods Apartment ,12.9090034,77.6688901,POINT (77.6688901 12.9090034)
Veohm Cedar Woods ,13.0591532,77.643044,POINT (77.643044 13.0591532)
Mana Candela ,12.8915171,77.710097,POINT (77.71009699999999 12.8915171)
Ezzy Corinth ,13.0657555,77.6515444,POINT (77.65154439999999 13.0657555)
Concorde Amber ,12.8948188,77.7030423,POINT (77.70304230000001 12.8948188)
RJR Patel Residency ,12.93844,77.7431417,POINT (77.7431417 12.93844)
Century Artizan Phase II ,13.129355,77.595041,POINT (77.59504099999999 13.129355)
Prestige Glenwood ,13.0767319,77.7341204,POINT (77.73412039999999 13.0767319)
Sobha Habitech ,12.9828292,77.7552035,POINT (77.75520349999999 12.9828292)
Brigade Parkside West ,12.9026133,77.7018458,POINT (77.7018458 12.9026133)
SNR Windmill ,12.855583,77.597298,POINT (77.59729799999999 12.855583)
GCN White Palms ,12.9616048,77.742095,POINT (77.74209499999999 12.9616048)
Keystone Sarovar ,12.8670332,77.5733981,POINT (77.57339809999999 12.8670332)
Columbia Celestia ,12.8953434,77.5795256,POINT (77.5795256 12.8953434)
Gajanana Sumuk ,12.9917127,77.7185076,POINT (77.7185076 12.9917127)
MIMS Residency ,13.086763,77.6214664,POINT (77.6214664 13.086763)
Cleartile The Rare Earth Plots ,12.8784133,77.7097953,POINT (77.7097953 12.8784133)
Sobha Daffodil ,12.9013076,77.653417,POINT (77.65341699999999 12.9013076)
Akruthi Spring Woods ,12.985451,77.4864,POINT (77.4864 12.985451)
Shapoorji Pallonji ParkWest Mahogany ,12.963803,77.5610241,POINT (77.5610241 12.963803)
Sanvi Sunrise ,12.9732444,77.677601,POINT (77.677601 12.9732444)
RBD Stillwaters ,12.8945651,77.6632973,POINT (77.6632973 12.8945651)
Relizant Royale ,12.957703,77.5758522,POINT (77.5758522 12.957703)
Shilpa Dacha ,12.915819,77.6697608,POINT (77.66976079999999 12.915819)
Brigade Omega ,12.8938298,77.5294655,POINT (77.5294655 12.8938298)
Prestige Royal Garden 3 ,13.1395085,77.5706395,POINT (77.57063950000001 13.1395085)
Sri Bhagwan Elite ,12.8730771,77.6441754,POINT (77.64417539999999 12.8730771)
Ozone Urbana Township ,13.2036001,77.6645319,POINT (77.6645319 13.2036001)
Axis Antara ,12.8688053,77.6180494,POINT (77.61804939999999 12.8688053)
Rohan Vasantha ,12.9568204,77.7070217,POINT (77.7070217 12.9568204)
NR Windgates ,13.0859552,77.62378,POINT (77.62378000000001 13.0859552)
Silicon Valley ,12.9715987,77.5945627,POINT (77.5945627 12.9715987)
Narmada Sri Heights ,12.8737585,77.6677287,POINT (77.6677287 12.8737585)
Prestige Dolce Vita ,12.9757496,77.7425161,POINT (77.7425161 12.9757496)
Mahindra Lifespace Windchimes ,12.88624,77.597681,POINT (77.59768099999999 12.88624)
Veracious Vani Vilas ,13.1220505,77.5768601,POINT (77.57686009999999 13.1220505)
Provident The Tree ,12.9960104,77.4848412,POINT (77.48484119999999 12.9960104)
Golden Grand ,13.0268946,77.5464606,POINT (77.5464606 13.0268946)
Skanda Nirvana ,12.9340795,77.7059496,POINT (77.7059496 12.9340795)
VARS Parkwood ,12.9156691,77.6909634,POINT (77.6909634 12.9156691)
Aratt Cityscapes Rowhouse ,13.0611983,77.757579,POINT (77.75757899999999 13.0611983)
Viho Hill View ,12.8904203,77.5148337,POINT (77.5148337 12.8904203)
Adithya Garden  ,12.8645579,77.6594665,POINT (77.65946649999999 12.8645579)
Sumadhura Silver Ripples ,12.9691977,77.7388622,POINT (77.7388622 12.9691977)
Dharanis Prakruthi Park ,12.8461858,77.8275989,POINT (77.82759890000001 12.8461858)
Anand Somu Pristine ,12.8588873,77.5667669,POINT (77.56676689999999 12.8588873)
Aratt Rolling Whites ,12.7481938,77.6837066,POINT (77.68370659999999 12.7481938)
Prestige Sunrise Park Norwood ,12.8345846,77.6635615,POINT (77.6635615 12.8345846)
Splendid Skylines ,12.8745128,77.6517073,POINT (77.6517073 12.8745128)
Casa Gopalan ,12.9685201,77.7424363,POINT (77.74243629999999 12.9685201)
Assetz Lifestyle ,12.8853283,77.7047401,POINT (77.7047401 12.8853283)
Sobha Jasmine ,12.9263467,77.6680634,POINT (77.66806339999999 12.9263467)
Pioneer Park Avenue ,12.875964,77.551905,POINT (77.55190499999999 12.875964)
Odions The Woods of East Phase 2 ,12.8913922,77.6937237,POINT (77.69372369999999 12.8913922)
Velpula Pride ,13.0863313,77.6028616,POINT (77.6028616 13.0863313)
Sobha Marvella ,12.9267833,77.6726791,POINT (77.6726791 12.9267833)
Salarpuria Sattva Serene Life ,13.1883652,77.6580876,POINT (77.65808760000002 13.1883652)
Definer Hi-Life ,13.0361409,77.6932524,POINT (77.69325239999999 13.0361409)
Asrithas Grand Living ,12.938386,77.617803,POINT (77.61780299999999 12.938386)
Shriram Signia ,12.8391167,77.6563997,POINT (77.65639969999999 12.8391167)
Sri Garnet Park ,12.9918197,77.7194328,POINT (77.71943279999999 12.9918197)
Azven Breathe ,12.8313905,77.775604,POINT (77.775604 12.8313905)
Sobha Tulip ,12.8984206,77.5855194,POINT (77.5855194 12.8984206)
Prestige Ozone ,12.9590509,77.7494998,POINT (77.7494998 12.9590509)
SJR WaterMark ,12.9132624,77.6704345,POINT (77.6704345 12.9132624)
Vedant Vayun ,12.8787673,77.6376676,POINT (77.6376676 12.8787673)
DivyaSree 77 Place ,12.9486621,77.6932524,POINT (77.69325239999999 12.9486621)
Prestige Spencer Heights ,12.9956569,77.6104792,POINT (77.6104792 12.9956569)
Puravankara Purva Riviera ,12.9758193,77.5570922,POINT (77.5570922 12.9758193)
MN Guru Gokulam ,13.0927842,77.6324403,POINT (77.6324403 13.0927842)
Raja Sannidhi ,12.8491125,77.6078187,POINT (77.6078187 12.8491125)
Sobha Lifestyle Legacy ,13.231919,77.674463,POINT (77.674463 13.231919)
Nava Vedantha ,13.0051219,77.6644468,POINT (77.66444679999999 13.0051219)
Prabhavathi Divine ,12.8787211,77.6110659,POINT (77.6110659 12.8787211)
Jeevan Grandeur ,13.0053452,77.7482751,POINT (77.7482751 13.0053452)
Century Indus Phase II ,12.9112501,77.5113871,POINT (77.51138709999999 12.9112501)
Brigade Meadows Plumeria ,12.8134935,77.5117193,POINT (77.5117193 12.8134935)
Kolte Patil Raaga ,13.0956915,77.6478017,POINT (77.6478017 13.0956915)
ALPS Aurora ,12.8145655,77.6729006,POINT (77.67290059999999 12.8145655)
Century Saras ,13.1128005,77.5701013,POINT (77.57010129999999 13.1128005)
Greystone Mirror On Water ,12.8943569,77.6618761,POINT (77.6618761 12.8943569)
Thrive Muses Abode ,13.0261844,77.6266968,POINT (77.62669679999999 13.0261844)
Renaissance Nature Walk ,13.0046798,77.7182604,POINT (77.71826039999999 13.0046798)
Mantri Flora ,12.9183563,77.6650713,POINT (77.66507129999999 12.9183563)
Vivansaa Aurigaa ,12.8937057,77.7681863,POINT (77.7681863 12.8937057)
Arvind Sporcia ,13.0624992,77.6215293,POINT (77.62152929999999 13.0624992)
GM Infinite E City Town Phase I ,12.8192308,77.66407,POINT (77.66407 12.8192308)
SNN Raj Serenity Phase II ,12.852932,77.678469,POINT (77.67846899999999 12.852932)
Silverwood Regency ,12.9111022,77.6777582,POINT (77.6777582 12.9111022)
Purva Venezia ,13.0972391,77.5702975,POINT (77.57029750000001 13.0972391)
Sri Bhagwan Embassy ,12.8355532,77.6916476,POINT (77.6916476 12.8355532)
Puravankara Purva Fountain Square ,12.9748291,77.618987,POINT (77.61898699999999 12.9748291)
GM Global Techies Town Tower 03 C ,12.8227035,77.6608411,POINT (77.66084110000001 12.8227035)
Saran Mulberry Woods ,12.9059509,77.7038144,POINT (77.7038144 12.9059509)
Celebrity Square ,12.828163,77.7860248,POINT (77.78602479999999 12.828163)
Shriram Chirping Woods Villament ,12.9090034,77.6688901,POINT (77.6688901 12.9090034)
Aahika Apartments ,12.9036263,77.606235,POINT (77.606235 12.9036263)
Mana Karmel ,12.8955387,77.7059662,POINT (77.70596619999999 12.8955387)
GM Global Techies Town Tower 01 A ,12.8227035,77.6608411,POINT (77.66084110000001 12.8227035)
Trifecta Joli ,12.8921388,77.7095138,POINT (77.7095138 12.8921388)
SJR Vogue ,12.9815216,77.7176076,POINT (77.71760759999999 12.9815216)
Plama Heights ,13.0334447,77.6374762,POINT (77.63747619999999 13.0334447)
Raheja Residency ,12.928366,77.6317759,POINT (77.63177589999999 12.928366)
Prestige Sunrise Park Brichwood ,12.8321675,77.6632722,POINT (77.66327219999999 12.8321675)
Lone Star Crexcel Tuscany ,12.991444,77.615403,POINT (77.615403 12.991444)
Salarpuria Sattva Kings Domain ,12.9918038,77.6607041,POINT (77.66070409999999 12.9918038)
GE Global Green Apple Villas ,12.7861815,77.7124387,POINT (77.71243869999999 12.7861815)
Candeur Rise ,12.9969877,77.6899549,POINT (77.68995489999999 12.9969877)
Brigade Metropolis ,12.9914639,77.7029976,POINT (77.7029976 12.9914639)
Elegant Pride ,13.0012678,77.6225051,POINT (77.6225051 13.0012678)
Kuteera Green Homes ,13.0301107,77.7620013,POINT (77.76200129999999 13.0301107)
URI Shirdi Sri Sai Nagar ,12.9714651,77.540545,POINT (77.54054499999999 12.9714651)
Pride Crosswinds Villa Plots ,12.780214,77.603303,POINT (77.603303 12.780214)
Jeevan Pristine ,12.9715987,77.5945627,POINT (77.5945627 12.9715987)
Salarpuria Sattva Gold Summit ,13.0666284,77.6523154,POINT (77.65231539999999 13.0666284)
DS Max Status ,13.131781,77.5661959,POINT (77.5661959 13.131781)
Unishire The Weave ,13.0569,77.623807,POINT (77.623807 13.0569)
Total Environment Windmills Of Your Mind ,12.9828416,77.7218047,POINT (77.72180469999999 12.9828416)
G Corp The Icon Phase III ,13.0473654,77.6254839,POINT (77.62548389999999 13.0473654)
Sona Grandeur ,12.8647018,77.5956349,POINT (77.59563489999999 12.8647018)
Saranya Sreshta ,12.9671661,77.7570509,POINT (77.7570509 12.9671661)
Chaitrashree Royale ,12.9389997,77.5180225,POINT (77.5180225 12.9389997)
Sobha City Casa Paradiso ,13.0761452,77.6406964,POINT (77.6406964 13.0761452)
Nishant Prime ,12.9665946,77.7651452,POINT (77.76514519999999 12.9665946)
Aratt Amora ,12.7587473,77.6711502,POINT (77.6711502 12.7587473)
Windsor Troika ,12.8656865,77.6194878,POINT (77.61948780000002 12.8656865)
LGCL One Street ,13.0668077,77.6602794,POINT (77.66027939999999 13.0668077)
Mantri Lithos ,13.0544515,77.6194419,POINT (77.6194419 13.0544515)
VBHC Vaibhava ,12.756369,77.7024257,POINT (77.70242569999999 12.756369)
Citrus Zen Garden ,13.0683918,77.6049617,POINT (77.60496169999999 13.0683918)
Griha Unnathi ,13.0590857,77.6590355,POINT (77.6590355 13.0590857)
Hebron Avenue ,13.0323,77.6994231,POINT (77.69942309999999 13.0323)
Vivansaa Blessings ,12.9124021,77.6387393,POINT (77.6387393 12.9124021)
Unishire Verzure ,13.0756934,77.6173763,POINT (77.61737629999999 13.0756934)
Connected Living Whitefield ,13.0345602,77.7896753,POINT (77.7896753 13.0345602)
Pavani Sarovar ,12.9726354,77.7340972,POINT (77.73409719999999 12.9726354)
Kataria Builteck Residency ,12.8213574,77.6876728,POINT (77.6876728 12.8213574)
LGCL Pueblo ,12.8666049,77.6672102,POINT (77.6672102 12.8666049)
Prestige Kensington Gardens ,13.051404,77.5369911,POINT (77.53699109999999 13.051404)
Millennia Montagna ,12.9715987,77.5945627,POINT (77.5945627 12.9715987)
Ozone Evergreens ,12.9088641,77.6628913,POINT (77.6628913 12.9088641)
DivyaSree Republic Of Whitefield ,12.9662768,77.7243859,POINT (77.7243859 12.9662768)
Pranavas BSR Gitaaar ,12.9422451,77.7014517,POINT (77.70145169999999 12.9422451)
Prestige Palms ,12.9805009,77.7435987,POINT (77.74359869999999 12.9805009)
S2 Avantikaa ,12.8569538,77.7662866,POINT (77.7662866 12.8569538)
Alpine Fiesta ,12.996111,77.7203321,POINT (77.72033210000001 12.996111)
Suvastu King George Avenue ,12.9066722,77.6430258,POINT (77.64302579999999 12.9066722)
Godrej Platinum ,13.0547182,77.5937366,POINT (77.5937366 13.0547182)
Sonestaa Meadows ,12.9488884,77.7214587,POINT (77.7214587 12.9488884)
Ajantha Prime ,12.862021,77.6623552,POINT (77.66235519999999 12.862021)
Kumari Lotus ,12.9033063,77.6846818,POINT (77.68468179999999 12.9033063)
RJ Lake Gardenia ,13.018249,77.707173,POINT (77.707173 13.018249)
BRR Sai Sankalp ,12.9976477,77.7598434,POINT (77.75984339999999 12.9976477)
Adarsh Palm Retreat Condominiums ,12.9197319,77.6901979,POINT (77.6901979 12.9197319)
Citrus Polaris  ,13.06663,77.656796,POINT (77.656796 13.06663)
Samruddhi Winter Green ,12.9389418,77.7129508,POINT (77.7129508 12.9389418)
Citrus Aries Lakeview ,13.077676,77.6104505,POINT (77.6104505 13.077676)
Jayanth Santis ,13.1115752,77.5722524,POINT (77.5722524 13.1115752)
Ittina Neela ,12.831385,77.700493,POINT (77.70049299999999 12.831385)
Aswan The Marquis ,12.9713671,77.6119065,POINT (77.6119065 12.9713671)
Purva City of Gold ,12.887104,77.5521255,POINT (77.5521255 12.887104)
Aishwarya Splendour ,12.8964934,77.5858455,POINT (77.58584549999999 12.8964934)
DSMAX SAANJH ,12.874364,77.6173867,POINT (77.6173867 12.874364)
Fire Luxur The Empyrean ,12.9048299,77.8677685,POINT (77.8677685 12.9048299)
MS Royal Sunnyvale ,12.7384134,77.7085666,POINT (77.70856660000001 12.7384134)
Prodaacon Mounika Espancia ,13.0371268,77.6643917,POINT (77.6643917 13.0371268)
Garuda Estilo Homes ,12.9948427,77.7645333,POINT (77.7645333 12.9948427)
Pride Enchanta Phase I ,12.9478889,77.5353712,POINT (77.5353712 12.9478889)
Apex Crystal ,12.9715987,77.5945627,POINT (77.5945627 12.9715987)
Gomati Iris ,12.8033514,77.6714398,POINT (77.6714398 12.8033514)
NBR Green Valley ,12.8162764,77.8628083,POINT (77.8628083 12.8162764)
Aditi Tropica ,12.919196,77.668466,POINT (77.668466 12.919196)
Fortuna Krrish ,13.0407862,77.6753256,POINT (77.67532559999999 13.0407862)
Cleartitle The Rare Earth ,12.8784133,77.7097953,POINT (77.7097953 12.8784133)
Sobha Petunia ,13.0398047,77.6124624,POINT (77.6124624 13.0398047)
DLR Sabarmati Enclave ,13.0258664,77.6803306,POINT (77.68033059999999 13.0258664)
 Regency Canterbury Castles ,13.014444,77.629186,POINT (77.62918599999999 13.014444)
Slv Parkview ,13.0459165,77.5419656,POINT (77.5419656 13.0459165)
E Golden Abode ,12.8511396,77.6735544,POINT (77.6735544 12.8511396)
Sobha Arena - The Plaza ,12.8642033,77.53674,POINT (77.53673999999999 12.8642033)
Richmond Lake View ,12.7995085,77.6563883,POINT (77.6563883 12.7995085)
NCN Platina ,12.9373858,77.7374738,POINT (77.73747379999999 12.9373858)
Akme Harmony ,12.9224347,77.6711293,POINT (77.67112929999999 12.9224347)
Gnana Bhoomi ,13.2805947,77.6198082,POINT (77.61980819999999 13.2805947)
Sumo Leaves ,12.878726,77.5444685,POINT (77.54446849999999 12.878726)
TG Lakevista ,12.8734735,77.6343724,POINT (77.63437239999999 12.8734735)
Oceanus Classic ,13.005386,77.7316052,POINT (77.73160519999999 13.005386)
Prestige Monte Carlo ,13.1152916,77.5774514,POINT (77.5774514 13.1152916)
Mythri Arteor ,12.8874178,77.6294089,POINT (77.6294089 12.8874178)
Sri Amethyst ,13.0047047,77.7145949,POINT (77.71459489999999 13.0047047)
Brigade Gardenia ,12.8879764,77.5781273,POINT (77.57812729999999 12.8879764)
Midtown Rhythm ,12.960095,77.741935,POINT (77.741935 12.960095)
Mahaveer Riviera ,12.8930968,77.5883631,POINT (77.5883631 12.8930968)
Jeevanadi Sampoorna ,13.0643327,77.5697312,POINT (77.56973119999999 13.0643327)
Century Linea ,13.0698545,77.6037801,POINT (77.60378009999999 13.0698545)
Shanders Dwellington ,12.8476197,77.6881725,POINT (77.68817249999999 12.8476197)
Mahaveer Tranquil ,12.9679039,77.7328695,POINT (77.73286949999999 12.9679039)
SLS Square ,12.9719967,77.7153684,POINT (77.7153684 12.9719967)
Aratt Aeris Residences ,12.9824845,77.6460185,POINT (77.6460185 12.9824845)
Nitesh Hyde Park ,12.8717726,77.5979352,POINT (77.59793519999999 12.8717726)
Prestige Laughing Waters ,12.9602478,77.7379568,POINT (77.73795679999999 12.9602478)
Nagarjuna Maple Heights ,12.9935525,77.6838545,POINT (77.6838545 12.9935525)
Sobha Palladian ,12.9541525,77.6893828,POINT (77.68938279999999 12.9541525)
Sobha Iris ,12.9328719,77.6846695,POINT (77.68466950000001 12.9328719)
Vista The 450 RMV ,12.9715638,77.6127715,POINT (77.61277149999999 12.9715638)
CLPD Suncity Apartments ,12.9026338,77.7069423,POINT (77.70694230000001 12.9026338)
Sobha Rajvillas ,12.9785119,77.5631574,POINT (77.56315739999999 12.9785119)
Embassy Springs ,13.2026171,77.6241374,POINT (77.6241374 13.2026171)
Aakruthi Aura ,12.9650697,77.7510877,POINT (77.75108770000001 12.9650697)
Sobha Sunscape ,12.8643066,77.5212751,POINT (77.5212751 12.8643066)
Odion Rainbow Retreat ,12.8957846,77.6865903,POINT (77.68659029999999 12.8957846)
Shriram Suhaana ,13.1335429,77.5729612,POINT (77.57296119999999 13.1335429)
The Manya Magna Ville ,12.8560454,77.6491728,POINT (77.6491728 12.8560454)
Akme Encore ,12.9725255,77.7133728,POINT (77.7133728 12.9725255)
Vertex Venezia ,12.9274179,77.7389044,POINT (77.7389044 12.9274179)
Bijith Kripa ,13.257391,77.7088976,POINT (77.7088976 13.257391)
Sobha Eternia ,12.9035751,77.6649043,POINT (77.6649043 12.9035751)
Artha Reviera ,12.7697881,77.6981747,POINT (77.6981747 12.7697881)
Soundarya Kamakshi ,12.9835136,77.5299315,POINT (77.5299315 12.9835136)
Comfort Heights ,12.8874544,77.5537026,POINT (77.55370259999999 12.8874544)
Definer Kingdom ,13.073524,77.7446716,POINT (77.74467159999999 13.073524)
NS Paradise Township ,13.0040017,77.717381,POINT (77.717381 13.0040017)
Skav Ohana ,13.0225129,77.7147406,POINT (77.7147406 13.0225129)
Prestige Notting Hill ,12.8726581,77.5945658,POINT (77.5945658 12.8726581)
Nitesh Forest Hills ,13.0159262,77.7626956,POINT (77.7626956 13.0159262)
SRC blue bells ,12.8328724,77.6897124,POINT (77.68971239999999 12.8328724)
Maangalya Prosper Apartment ,12.8652341,77.5576347,POINT (77.55763469999999 12.8652341)
GRC Brundavan ,12.9393493,77.5190858,POINT (77.5190858 12.9393493)
Amrutha Value ,12.9706326,77.7367999,POINT (77.73679989999999 12.9706326)
AR Splendor Park ,13.042217,77.6552918,POINT (77.6552918 13.042217)
HW Archstone ,13.0290541,77.6302934,POINT (77.6302934 13.0290541)
Cleartitle Old  ,12.916974,77.63152,POINT (77.63151999999999 12.916974)
Rajarajeshwari Parasmani Regency   ,12.9404754,77.5813465,POINT (77.58134650000001 12.9404754)
SV Lakshmi Nivas ,13.0395202,77.6621751,POINT (77.6621751 13.0395202)
Aban Desire ,12.8281273,77.7766475,POINT (77.7766475 12.8281273)
SGS Silver Oak ,12.915705,77.5486503,POINT (77.54865029999999 12.915705)
Skyline Bagmane Champagne Hills ,12.858472,77.5818416,POINT (77.58184159999999 12.858472)
Sai Ashirwad Natures Nest ,12.835969,77.691623,POINT (77.69162299999999 12.835969)
RR Signature ,13.0800374,77.6337759,POINT (77.6337759 13.0800374)
Sobha Chrysanthemum ,13.0601142,77.6368556,POINT (77.63685559999999 13.0601142)
Century Artizan ,13.129355,77.595041,POINT (77.59504099999999 13.129355)
Regency Pinnacle Heights ,13.0624834,77.626811,POINT (77.626811 13.0624834)
Keerthi Krishna Viva ,12.9106527,77.6840375,POINT (77.6840375 12.9106527)
Vestaa Lushes ,12.8496595,77.7347463,POINT (77.7347463 12.8496595)
Shravanthi Sunniva Willow ,12.8528408,77.7827893,POINT (77.78278929999999 12.8528408)
DS Max Sankalp Manor ,13.0396616,77.6726014,POINT (77.67260139999999 13.0396616)
Garuda Blossom ,13.017519,77.7090184,POINT (77.70901839999999 13.017519)
Akshaya Regalia ,12.897131,77.5264058,POINT (77.52640579999999 12.897131)
Sobha Onyx ,12.9245191,77.6528063,POINT (77.65280629999999 12.9245191)
Hita Malibu Rosita ,12.9417311,77.7510344,POINT (77.75103439999999 12.9417311)
Bhadra Legacy ,12.9746481,77.624852,POINT (77.62485199999999 12.9746481)
Spectra Palmwoods ,12.9617125,77.7324062,POINT (77.7324062 12.9617125)
Suncrest Pebbles ,12.9364507,77.7274439,POINT (77.7274439 12.9364507)
Bhartiya City Leela Residences ,13.084283,77.642781,POINT (77.642781 13.084283)
Greenwood Regency ,12.9138057,77.6833284,POINT (77.68332839999999 12.9138057)
Sipani Santa Monica ,12.940446,77.623403,POINT (77.623403 12.940446)
Midwest Elita ,13.1215868,77.6205622,POINT (77.62056219999999 13.1215868)
Hoysala Ace Phase II ,13.0663641,77.5869966,POINT (77.58699659999999 13.0663641)
Brindavan Palms ,12.8730823,77.6671062,POINT (77.66710619999999 12.8730823)
Woodshire Emerson Park ,13.0350995,77.7520959,POINT (77.7520959 13.0350995)
Sterling Villa Grande Phase 2 ,13.011181,77.7597398,POINT (77.75973979999999 13.011181)
Raynal Gardens ,12.9767323,77.5148708,POINT (77.5148708 12.9767323)
Mantri Alpyne ,12.9042533,77.5274646,POINT (77.52746460000002 12.9042533)
Ds Max Sherwood ,12.9220588,77.7231568,POINT (77.7231568 12.9220588)
Legacy Cataleya ,12.985034,77.595768,POINT (77.59576799999999 12.985034)
Purva Vantage ,12.9064791,77.6450269,POINT (77.64502689999999 12.9064791)
Mamtha Elite ,12.9100769,77.7039706,POINT (77.70397059999999 12.9100769)
Basava Pride ,13.01401,77.717031,POINT (77.71703099999999 13.01401)
Celebrity Pride ,12.8079224,77.7774934,POINT (77.7774934 12.8079224)
DSR White Waters ,12.9167469,77.7168083,POINT (77.7168083 12.9167469)
Splendid Elite ,12.8977003,77.6678125,POINT (77.6678125 12.8977003)
Sri Lakshmi Vallabha Land Mark ,12.890488,77.5521392,POINT (77.5521392 12.890488)
SM Zinnia ,12.932482,77.7264103,POINT (77.7264103 12.932482)
Rohan Jharoka ,12.9482601,77.6765682,POINT (77.67656819999999 12.9482601)
UKN Esperanza ,12.9525107,77.7206956,POINT (77.7206956 12.9525107)
Melange Smart Neighbourhoods ,12.8578542,77.7978698,POINT (77.7978698 12.8578542)
Sona Vistaas ,12.8811223,77.6195792,POINT (77.61957919999999 12.8811223)
Wisteria at Brigade Meadows ,12.8150853,77.5067053,POINT (77.50670529999999 12.8150853)
Mangilal Heerraji Sites and Villas ,12.773142,77.484082,POINT (77.484082 12.773142)
NCN Crystal ,12.9750622,77.7588202,POINT (77.7588202 12.9750622)
Aratt Grand Town ,12.7401871,77.6791026,POINT (77.67910259999999 12.7401871)
ASN Galaxy ,13.0292141,77.661057,POINT (77.661057 13.0292141)
Golden Leaf Luxury Apartment ,12.915528,77.6254919,POINT (77.6254919 12.915528)
Pavilion Villas at Brigade Orchards ,13.237063,77.72428,POINT (77.72427999999999 13.237063)
Koncept Lake View ,13.0629474,77.6230776,POINT (77.6230776 13.0629474)
Fortius Waterscape ,13.019696,77.721148,POINT (77.721148 13.019696)
Mantri Glades ,12.9113224,77.6847566,POINT (77.6847566 12.9113224)
RMZ Latitude ,13.0563101,77.5951032,POINT (77.5951032 13.0563101)
NM Sai Sunshine ,12.9479238,77.7126668,POINT (77.71266679999999 12.9479238)
Divya JSR Limelite ,13.0694591,77.530547,POINT (77.530547 13.0694591)
GM Infinite Elegance Tower ,12.9165545,77.6184368,POINT (77.6184368 12.9165545)
Zonasha Elegance ,12.8988592,77.6682758,POINT (77.6682758 12.8988592)
Krishna Brighton ,13.1035207,77.5796734,POINT (77.57967339999999 13.1035207)
B&B Opulent Spire ,12.9216975,77.5997916,POINT (77.5997916 12.9216975)
Krishna Arya Elegant ,13.0165757,77.5475265,POINT (77.5475265 13.0165757)
Unishire Belvedere Premia ,13.0726436,77.6183587,POINT (77.6183587 13.0726436)
Subhodaya Luxuria ,12.9372251,77.7045745,POINT (77.70457449999999 12.9372251)
SJR Residency ,12.9276275,77.6891907,POINT (77.6891907 12.9276275)
Kumar Kino Platinum ,12.985738,77.5748938,POINT (77.5748938 12.985738)
Aristo Marvel ,12.8384012,77.6470954,POINT (77.6470954 12.8384012)
Desai Grandeur ,12.976704,77.7584705,POINT (77.7584705 12.976704)
Hiranandani Upscale Bannerghatta ,12.876606,77.610831,POINT (77.610831 12.876606)
Sobha City Casa Serenita ,13.0769388,77.6394475,POINT (77.6394475 13.0769388)
SK Daisy ,12.832197,77.648919,POINT (77.64891899999999 12.832197)
ATZ Ultima ,13.0571116,77.6282134,POINT (77.62821339999999 13.0571116)
DSMax Star Nest ,12.9238214,77.4766588,POINT (77.4766588 12.9238214)
Global Villas ,12.8592252,77.646217,POINT (77.64621699999999 12.8592252)
Klassik Benchmark ,12.8716449,77.5962133,POINT (77.5962133 12.8716449)
Vaswani Claremont ,12.9485069,77.7173176,POINT (77.7173176 12.9485069)
Vivansaa Baalsam ,12.9124021,77.6387393,POINT (77.6387393 12.9124021)
Kumari Amaranthine ,12.9176952,77.6973403,POINT (77.69734029999999 12.9176952)
Estella Maple Square  ,12.8929578,77.6742451,POINT (77.67424509999999 12.8929578)
Saiven The Hamptons ,12.9105043,77.6516836,POINT (77.6516836 12.9105043)
Ajmera Green Acres ,12.8679098,77.5935277,POINT (77.5935277 12.8679098)
Reliaable Lifestyle ,12.8951713,77.668645,POINT (77.668645 12.8951713)
SNN Raj Lakeview ,12.9039732,77.6083714,POINT (77.6083714 12.9039732)
Cansa Dhiya ,12.9307557,77.7112407,POINT (77.71124069999999 12.9307557)
BSR Towers ,13.0281274,77.6896923,POINT (77.68969229999999 13.0281274)
Adhishree SunShine ,13.0851417,77.6070356,POINT (77.6070356 13.0851417)
MIMS Northbrook ,13.0767278,77.659311,POINT (77.659311 13.0767278)
MBR Gem Park Villa ,12.8699879,77.8103632,POINT (77.8103632 12.8699879)
Sai Siri Heritage ,12.9080207,77.488539,POINT (77.488539 12.9080207)
Jains Aashraya ,12.8436657,77.5877827,POINT (77.58778269999999 12.8436657)
DLF Woodland Heights ,12.7828926,77.6581565,POINT (77.65815649999999 12.7828926)
Maa Nivasam ,12.9989205,77.7228561,POINT (77.7228561 12.9989205)
Soma White House ,12.8753207,77.6355191,POINT (77.6355191 12.8753207)
Sunland Serene Hills ,12.796947,77.531457,POINT (77.531457 12.796947)
CMRS Palm Hills ,13.3526756,77.7221923,POINT (77.7221923 13.3526756)